event_period,posts,avg_score,avg_comments
wc2023_final_aftermath,5917,71.18877809700862,15.992394794659456
wc2023_group_stage,28378,46.85460568045669,39.43124955951794
