posts,avg_score,avg_comments,event
5917,71.18877809700862,15.992394794659456,2023 WC Final (Loss)
7217,115.08507690175973,18.772758764029376,2024 T20 Final (Win)
