posts,avg_sentiment,player
5296,0.10752805881756161,Dhoni
7300,0.0730516848107162,Kohli
9910,0.06255073690332104,Rohit
