metric,value
RMSE,382.9742726683762
R2,0.016220220708630384
