subreddit,post_count,avg_score,avg_comments,cluster
ipl,20812,93.55021141649048,14.949211993080915,0
HiTMAN,20191,39.99182804219702,10.480015848645436,0
RCB,9416,54.81287170773152,11.362255734919286,0
KolkataKnightRiders,8030,38.78717310087173,6.645703611457036,0
csk,5016,50.76176236044657,11.112838915470494,0
MumbaiIndians,4405,61.135527809307604,15.250397275822928,0
SunrisersHyderabad,4320,67.31412037037038,14.143055555555556,0
delhicapitals,2522,23.427835051546392,15.979777954004758,0
EnglandCricket,1060,26.70188679245283,7.368867924528302,0
ViratKohli,993,26.1460221550856,1.2628398791540785,0
RohitSharma,135,73.17037037037036,2.688888888888889,0
IndianCricket,85,1.2352941176470589,0.058823529411764705,0
Cricket,65562,47.70638479607089,65.49209908178518,1
CricketShitpost,47453,118.37595094093102,8.694982403641498,2
IndiaCricket,40469,79.5976179297734,10.98957226519064,2
PakCricket,9744,23.04412972085386,15.775348932676518,3
RajasthanRoyals,2540,28.01220472440945,8.075984251968505,3
srh,58,1.3103448275862069,0.1206896551724138,3
