metric,value
AUC-ROC,0.673252422502175
Accuracy,0.7386236825790452
