posts,avg_score,avg_comments,player
5296,99.69108761329305,11.05608006042296,Dhoni
7300,91.58041095890411,14.327123287671233,Kohli
9910,72.37699293642785,13.247830474268415,Rohit
